{"odometer_type":{"0":1,"1":1,"2":1,"3":1,"4":1,"5":0,"6":1,"7":0,"8":0,"9":0,"10":0,"11":1,"12":1,"13":1,"14":1,"15":1,"16":1,"17":0,"18":1,"19":1,"20":1,"21":1,"22":1,"23":1,"24":1,"25":1,"26":1,"27":1,"28":1,"29":1,"30":1,"31":1,"32":1,"33":1,"34":1,"35":1,"36":0,"37":0,"38":0,"39":0,"40":1,"41":1,"42":0,"43":0,"44":1,"45":1,"46":1,"47":1,"48":0,"49":1,"50":1,"51":1,"52":0,"53":1,"54":1,"55":0,"56":1,"57":0,"58":1,"59":1,"60":1,"61":1,"62":1,"63":0,"64":1,"65":0,"66":1,"67":1,"68":0,"69":0,"70":1,"71":1,"72":1,"73":1,"74":1,"75":1,"76":0,"77":1,"78":1,"79":0,"80":1,"81":0,"82":1,"83":1,"84":0,"85":0,"86":1,"87":1,"88":0,"89":1,"90":1,"91":1,"92":1,"93":1,"94":1,"95":1,"96":0,"97":1,"98":1,"99":1,"100":1,"101":1,"102":1,"103":1,"104":1,"105":1,"106":1,"107":1,"108":0,"109":0,"110":1,"111":0,"112":1,"113":1,"114":1,"115":0,"116":0,"117":0,"118":1,"119":1,"120":1,"121":1,"122":0,"123":1,"124":0,"125":1,"126":1,"127":1,"128":1,"129":0,"130":1,"131":1,"132":1,"133":1,"134":1,"135":1,"136":1,"137":0,"138":0,"139":1,"140":1,"141":1,"142":0,"143":1,"144":0,"145":1,"146":1,"147":1,"148":1,"149":1,"150":1,"151":1,"152":0,"153":1,"154":0},"image":{"0":"dc_odometer_0BOCX2Y6CJ1Y5UE7.jpg","1":"dc_odometer_0DAONWPSH8TVDKVQ.jpg","2":"dc_odometer_0HRZ8207WU3X9O0G.jpg","3":"dc_odometer_0NGNHPEKFJFA2CG5.jpg","4":"dc_odometer_0NUREZBL0F478LTD.jpg","5":"dc_odometer_0SDN1GV1A4P5P5CU.jpg","6":"dc_odometer_10YSHPMXC1ANN1OR.jpg","7":"dc_odometer_12E870V96HRZYOJC.jpg","8":"dc_odometer_1AJZ3G6J6D8L23ZP.jpg","9":"dc_odometer_1PHSO2EATM1FTRWB.jpg","10":"dc_odometer_1TE1ZH0K6Z5ROT22.jpg","11":"dc_odometer_1ZNIEOO7R39O50WT.jpg","12":"dc_odometer_24V0IMD91DE2KP69.jpg","13":"dc_odometer_2SDRNKV99LOSFWMK.jpg","14":"dc_odometer_31XND7CUJ7P7D7UQ.jpg","15":"dc_odometer_33356PFOVFE55AJY.jpg","16":"dc_odometer_34YJ2ATPKGQQZMRF.jpg","17":"dc_odometer_392ALKMRTJ1GLL2K.jpg","18":"dc_odometer_3P43DJLBL00ORFYJ.jpg","19":"dc_odometer_3ZDGBBAQFRD45V7O.jpg","20":"dc_odometer_3ZKD9CEZ3AWI8KO8.jpg","21":"dc_odometer_45YYJAMFRKCNF60R.jpg","22":"dc_odometer_4OV3ICS7JM09ZG1V.jpg","23":"dc_odometer_4R7V2O8SO1E1LEQO.jpg","24":"dc_odometer_4UGBMPIC6IZ946VL.jpg","25":"dc_odometer_5C0T5VUJRSBKIAIC.jpg","26":"dc_odometer_5IZCST4T78T194HQ.jpg","27":"dc_odometer_5K551Z9PBBLIF5DO.jpg","28":"dc_odometer_5Q6I0IWSKCQG3PJ8.jpg","29":"dc_odometer_5XEDBZLZSQI6TNJ5.jpg","30":"dc_odometer_60VZ4OJYBL11PN78.jpg","31":"dc_odometer_61WKYLNLLSS7PUX2.jpg","32":"dc_odometer_6WFRDQHEC129Z2MO.jpg","33":"dc_odometer_76H24L6R3BM340JX.jpg","34":"dc_odometer_7IAOI9ISVBOJFKKL.jpg","35":"dc_odometer_7LUADOPBDZH1COMW.jpg","36":"dc_odometer_7Q6XOOTU55LTA4KJ.jpg","37":"dc_odometer_825NS0K18KLOL80K.jpg","38":"dc_odometer_8BUST0OXEDI0RHNF.jpg","39":"dc_odometer_8DF4ABTPHX2O31IS.jpg","40":"dc_odometer_8HITEZC4JFF7PP86.jpg","41":"dc_odometer_8JYRZUI0F8SMA396.jpg","42":"dc_odometer_8LVHQ8DI3NU4F7YN.jpg","43":"dc_odometer_8WIER7Y4DWBBU78X.jpg","44":"dc_odometer_9O4JFJB99D2H4T0A.jpg","45":"dc_odometer_9P59D1VD90BRC12R.jpg","46":"dc_odometer_9PAVXZ9P97G8QI9S.jpg","47":"dc_odometer_9PQ2UYWJVUT4S1B0.jpg","48":"dc_odometer_9VHSQGKEPL6R652Z.jpg","49":"dc_odometer_ABS2WOLEZZAMXPQI.jpg","50":"dc_odometer_ABSF7ZAEIMGQ7F4K.jpg","51":"dc_odometer_AH5ZCFB19ZZJAU5M.jpg","52":"dc_odometer_AJT739JYQGXHKLAT.jpg","53":"dc_odometer_AYWL3WJB8GOROR8P.jpg","54":"dc_odometer_B2WHLLVORU0NESOL.jpg","55":"dc_odometer_BFP8U1MWLSGPENFL.jpg","56":"dc_odometer_BQ8R96DT5BPW73ML.jpg","57":"dc_odometer_BU58BGAMNF997AL8.jpg","58":"dc_odometer_BUTDHZ18H3GRFMQ5.jpg","59":"dc_odometer_BVLDUPZUSF7NX79B.jpg","60":"dc_odometer_CGSAJR5HT4O92WFA.jpg","61":"dc_odometer_CLD5BDR84VTCQXG1.jpg","62":"dc_odometer_DAW55LR39N3920KZ.jpg","63":"dc_odometer_DOX6SX112KBHUC3Q.jpg","64":"dc_odometer_DQO6MA9UN1Y5IZZD.jpg","65":"dc_odometer_DWXUTJLS37BDGA9S.jpg","66":"dc_odometer_ECL6VRK19NIE0I5I.jpg","67":"dc_odometer_EFAZK7ZJAOIOHULY.jpg","68":"dc_odometer_EIJ1HHIAHQEEJC3Q.jpg","69":"dc_odometer_EQ3W79A0705B9IKV.jpg","70":"dc_odometer_ERN1UEL2ODX7P0B9.jpg","71":"dc_odometer_EXRNLFHZULR9U8RS.jpg","72":"dc_odometer_F0H7DRFJRXTWRVDC.jpg","73":"dc_odometer_F287Y7R8G7TIY2JQ.jpg","74":"dc_odometer_FAFMO895PUBM3AJU.jpg","75":"dc_odometer_FBCCBWXJ0218XPFC.jpg","76":"dc_odometer_FHTW7HKFPAY5UF1V.jpg","77":"dc_odometer_FJAG63RELN52XZQU.jpg","78":"dc_odometer_FLRGJ9H3Q7TGZ6G7.jpg","79":"dc_odometer_FOUIB4Z7TP9B9WFO.jpg","80":"dc_odometer_FRT55BADS8QCFBX7.jpg","81":"dc_odometer_FTQJKZ0QSD1J9KIV.jpg","82":"dc_odometer_FUUCLYEBDX6TLNEH.jpg","83":"dc_odometer_GD6LGWY0REK0JOWQ.jpg","84":"dc_odometer_GGD1PCFHR3YU4DE9.jpg","85":"dc_odometer_GHQ0B0984C824WGZ.jpg","86":"dc_odometer_GJI0226IZSVSQQSW.jpg","87":"dc_odometer_H6WGWQG179DDLBXM.jpg","88":"dc_odometer_HA5UV32S80RXKX18.jpg","89":"dc_odometer_HSISQNMLUZIYVXDA.jpg","90":"dc_odometer_HW2QKWBL9KMWTDFM.jpg","91":"dc_odometer_I60YB2FCQ7Y1WYPN.jpg","92":"dc_odometer_IO925OYQH5MHS63I.jpg","93":"dc_odometer_IZOTA0KIZEWQPACB.jpg","94":"dc_odometer_J8O94S4WC5PCJ9CO.jpg","95":"dc_odometer_JBGJBOTHFGSFR0WV.jpg","96":"dc_odometer_JDZAU9TW9UOXP1CV.jpg","97":"dc_odometer_JEW5ZTFSHKH15J58.jpg","98":"dc_odometer_KJOGRKKLZBOIDMYT.jpg","99":"dc_odometer_KPBIBZESE5PETB1Z.jpg","100":"dc_odometer_KPF2PNNUU8420JHA.jpg","101":"dc_odometer_KPXQTH0UURZ02K6I.jpg","102":"dc_odometer_KYWZ0CMKEZNL7OKN.jpg","103":"dc_odometer_LPJBMVWIPAXOI0RS.jpg","104":"dc_odometer_MGBTO8TV987WJMUK.jpg","105":"dc_odometer_MKXSHRZW2ZGPL5A2.jpg","106":"dc_odometer_MVL0LPY2JOECGBJY.jpg","107":"dc_odometer_MZLYOQYNXJBBU82R.jpg","108":"dc_odometer_N28N5X9ZEUHPGDXR.jpg","109":"dc_odometer_N2IYMFZO6P5F1LI5.jpg","110":"dc_odometer_N9BL4FMTLRFWNR73.jpg","111":"dc_odometer_NYKMBAZ4NQVJFAV8.jpg","112":"dc_odometer_O8DBECKUHTW7BCHX.jpg","113":"dc_odometer_OH5LR7CVMVKPNO5Q.jpg","114":"dc_odometer_OU06M2OX7AEN314A.jpg","115":"dc_odometer_OU4P0GBX28P44CMW.jpg","116":"dc_odometer_OV4K0TIFZCQM7U5J.jpg","117":"dc_odometer_P2TAHVOM7F2V4RER.jpg","118":"dc_odometer_P4GQ99IGAQESOM32.jpg","119":"dc_odometer_P8BH24H8CPWYN6CR.jpg","120":"dc_odometer_PGDLQ5C6XXOA3EZE.jpg","121":"dc_odometer_PHRL4923MFN7I8X7.jpg","122":"dc_odometer_PKPLDY3NYJV7RJ24.jpg","123":"dc_odometer_PQWMYZK17F0DZP66.jpg","124":"dc_odometer_PVENTNERYNOBM7XI.jpg","125":"dc_odometer_Q96RPAEXACI02VLB.jpg","126":"dc_odometer_QEEYME0XVYLU6WH6.jpg","127":"dc_odometer_QKFBL836REGZQM9W.jpg","128":"dc_odometer_QP1VOEXE35SOXFH6.jpg","129":"dc_odometer_QWRJX36L7J2QA2OL.jpg","130":"dc_odometer_R0DKM2CSTCPUVFFV.jpg","131":"dc_odometer_RKQC3S6OAA1CT3K2.jpg","132":"dc_odometer_RMQ55SPW2WAEEOW1.jpg","133":"dc_odometer_S5LSJOV8KAMVA8DZ.jpg","134":"dc_odometer_SOIH34BMH3MSLJEB.jpg","135":"dc_odometer_T2G1GE0BZKB6LNK8.jpg","136":"dc_odometer_TK26SI3EOC1VX9NT.jpg","137":"dc_odometer_TNEBP9SQMX2DW0Z7.jpg","138":"dc_odometer_U4BKNGBBF4CNJM7C.jpg","139":"dc_odometer_U8QHO7LCE973VQTX.jpg","140":"dc_odometer_UUBAOK0XKAQILCHB.jpg","141":"dc_odometer_VD2LEX0Q46F5BKAC.jpg","142":"dc_odometer_VIEQBUEBAE1C0Z1C.jpg","143":"dc_odometer_W1XKFSS1GUMONMQ3.jpg","144":"dc_odometer_W4F7HCWCW41OWI52.jpg","145":"dc_odometer_WCY6VUSJZIGPI6X2.jpg","146":"dc_odometer_WG5TXMHSP3WV3AVW.jpg","147":"dc_odometer_WLV7CWVPDVL97DV5.jpg","148":"dc_odometer_WSKK1KDCPBDJMCP6.jpg","149":"dc_odometer_X5YU5O1PC4B60OMK.jpg","150":"dc_odometer_XEYRKNDZK7RST285.jpg","151":"dc_odometer_XFKAN76R36Q25M4Z.jpg","152":"dc_odometer_YY2IAQJ3UL3DFT4Q.jpg","153":"dc_odometer_Z054UCG6E53LC5HX.jpg","154":"dc_odometer_ZPDEIPCUUGBNU9QC.jpg"},"xmin":{"0":73.7204301075,"1":151.5782537068,"2":114.6561264822,"3":136.6605504587,"4":72.5534591195,"5":99.3570552147,"6":111.8661887694,"7":54.5973025048,"8":56.4264792033,"9":55.6241610738,"10":61.0299401198,"11":148.4294736842,"12":98.2895736598,"13":102.0792540793,"14":109.5018587361,"15":56.6956521739,"16":93.5582329317,"17":109.7909270217,"18":111.8763796909,"19":131.0783269962,"20":85.5246636771,"21":79.3582887701,"22":97.0849673203,"23":108.8329048843,"24":54.7231270358,"25":85.4695035461,"26":97.4687882497,"27":55.5371900826,"28":89.8962360122,"29":110.8272251309,"30":83.4095449501,"31":116.8837209302,"32":57.5611150822,"33":138.7462686567,"34":114.4034334764,"35":112.0,"36":142.4782034346,"37":99.9691394659,"38":81.0118577075,"39":114.3377609108,"40":56.3718459495,"41":55.95614722,"42":68.9669211196,"43":105.0707070707,"44":57.2173913043,"45":74.2827763496,"46":111.5581854043,"47":108.4684684685,"48":55.8167938931,"49":57.3053613054,"50":69.5037443834,"51":99.9363525092,"52":57.3742331288,"53":109.2196438208,"54":57.3948065713,"55":125.5321336761,"56":131.6864608076,"57":110.5454545455,"58":96.2531463502,"59":58.5503527903,"60":118.773006135,"61":54.5908667288,"62":100.0404040404,"63":54.5797101449,"64":115.3161413563,"65":55.9155354449,"66":69.3843212237,"67":55.9165424739,"68":112.5096700796,"69":136.2797202797,"70":55.2070128119,"71":55.9262187088,"72":114.1590361446,"73":152.0506329114,"74":54.7335299902,"75":115.1826792963,"76":54.7272727273,"77":116.6636304489,"78":84.0,"79":110.2387419585,"80":89.1428571429,"81":64.9012345679,"82":68.238410596,"83":68.3529411765,"84":56.3660130719,"85":132.1967213115,"86":174.3054626533,"87":69.8299595142,"88":90.2244460329,"89":56.0,"90":55.886716116,"91":55.7959396148,"92":99.041322314,"93":118.4993252362,"94":118.2143757881,"95":100.9701414353,"96":55.7320574163,"97":100.7824726135,"98":57.3053613054,"99":56.3090507726,"100":114.2906350915,"101":126.5286236297,"102":100.303142329,"103":109.0691588785,"104":112.4848484848,"105":42.1818181818,"106":108.0839160839,"107":72.275862069,"108":78.4353312303,"109":78.3474178404,"110":91.0769230769,"111":102.0709219858,"112":55.9029462738,"113":121.0926456543,"114":89.5740740741,"115":132.5411436541,"116":54.7936066713,"117":116.5161290323,"118":76.0615384615,"119":91.0654205607,"120":130.5430463576,"121":57.3838550247,"122":45.6660808436,"123":138.7462686567,"124":57.2121212121,"125":99.6272814601,"126":90.1567877629,"127":85.8850574713,"128":87.4146341463,"129":55.8964879852,"130":146.6216216216,"131":149.7172236504,"132":56.0,"133":54.6,"134":64.4480578139,"135":55.4909090909,"136":102.1897810219,"137":107.9765395894,"138":121.3333333333,"139":69.5578947368,"140":114.6311667972,"141":87.9338842975,"142":57.2043010753,"143":149.6366802089,"144":57.4668721109,"145":116.6196150321,"146":109.6421052632,"147":131.098265896,"148":54.5949820789,"149":108.4821037253,"150":104.4596633778,"151":103.3333333333,"152":95.7325648415,"153":107.2136752137,"154":142.7786259542},"ymin":{"0":98.6666666667,"1":129.3443163097,"2":66.8458498024,"3":56.1976005646,"4":57.2914046122,"5":154.463803681,"6":113.605734767,"7":55.5684007707,"8":151.2360867018,"9":76.0268456376,"10":134.8023952096,"11":71.7978947368,"12":96.303925707,"13":100.1212121212,"14":56.0693928129,"15":55.652173913,"16":54.6506024096,"17":87.4792899408,"18":55.2582781457,"19":56.2129277567,"20":151.8206278027,"21":102.6167557932,"22":75.8562091503,"23":57.2956298201,"24":55.4527687296,"25":56.3971631206,"26":56.205630355,"27":84.5679939895,"28":153.5869786368,"29":104.7678883072,"30":55.6892341842,"31":56.8139534884,"32":152.0285918513,"33":101.552238806,"34":149.1090128755,"35":94.7491248541,"36":128.570673712,"37":108.4106824926,"38":91.0039525692,"39":57.3814041746,"40":150.9694555113,"41":72.5324980423,"42":56.0,"43":78.3434343434,"44":115.0434782609,"45":57.2956298201,"46":102.5009861933,"47":150.8468468468,"48":55.8167938931,"49":111.0862470862,"50":77.1083374938,"51":56.4798041616,"52":104.6707566462,"53":150.8041014571,"54":111.2877583466,"55":143.383033419,"56":102.2897862233,"57":103.2727272727,"58":164.4760877382,"59":107.6895445799,"60":151.8527607362,"61":92.7940354147,"62":117.0101010101,"63":95.3623188406,"64":147.8357211079,"65":56.4223227753,"66":54.6080305927,"67":54.5812220566,"68":58.739476678,"69":57.1748251748,"70":114.4167228591,"71":78.65085639,"72":105.0730923695,"73":58.3628691983,"74":122.3520157325,"75":55.9242219215,"76":67.7373737374,"77":69.5901106051,"78":123.4379084967,"79":151.9485346676,"80":93.9130434783,"81":66.5432098765,"82":87.5231788079,"83":66.339869281,"84":124.6274509804,"85":142.2950819672,"86":116.7447045708,"87":27.6599190283,"88":54.5989992852,"89":134.7878787879,"90":104.5987862441,"91":97.3076522644,"92":109.0380165289,"93":109.8839406208,"94":147.1677175284,"95":56.4400209534,"96":56.0,"97":57.3145539906,"98":111.6083916084,"99":114.7196467991,"100":99.7631862217,"101":132.8721071864,"102":97.9223659889,"103":78.2953271028,"104":102.1818181818,"105":103.5542521994,"106":60.8298368298,"107":148.8965517241,"108":57.2365930599,"109":140.744913928,"110":72.967032967,"111":100.6808510638,"112":55.9029462738,"113":84.4011461318,"114":94.0462962963,"115":61.5453277545,"116":125.8540653231,"117":134.1290322581,"118":90.5025641026,"119":105.9289719626,"120":110.9492273731,"121":102.0362438221,"122":143.2314001172,"123":100.2985074627,"124":104.1212121212,"125":137.1757925072,"126":71.5258126195,"127":105.0114942529,"128":103.8048780488,"129":56.5175600739,"130":55.0540540541,"131":59.5989717224,"132":118.511627907,"133":56.1866666667,"134":104.9177958446,"135":151.3018181818,"136":82.296836983,"137":151.4134897361,"138":146.4166666667,"139":101.4801619433,"140":76.3915426782,"141":99.041322314,"142":136.0860215054,"143":54.6024376088,"144":56.0,"145":108.9202566453,"146":57.1789473684,"147":139.1907514451,"148":55.9330943847,"149":96.6194302411,"150":58.5676146257,"151":152.2222222222,"152":122.9740634006,"153":57.0007770008,"154":56.0854961832},"xmax":{"0":88.3440860215,"1":168.1845140033,"2":168.0737812912,"3":156.1044460127,"4":85.2327044025,"5":166.6944785276,"6":169.4050179211,"7":71.6454720617,"8":117.1833626245,"9":119.8389261745,"10":97.245508982,"11":166.4673684211,"12":112.5673279865,"13":117.2214452214,"14":168.0693928129,"15":71.3043478261,"16":146.6345381526,"17":124.0762656147,"18":126.0927152318,"19":150.1566539924,"20":146.9417040359,"21":112.2994652406,"22":136.614379085,"23":124.0925449871,"24":67.8566775244,"25":138.2127659574,"26":154.4969400245,"27":72.1983471074,"28":123.9633774161,"29":169.2705061082,"30":100.3152053274,"31":166.6976744186,"32":121.4467476769,"33":153.7910447761,"34":167.6635193133,"35":168.9801633606,"36":168.5178335535,"37":162.5163204748,"38":100.743083004,"39":131.9772296015,"40":109.620185923,"41":70.8660924041,"42":108.5801526718,"43":150.6060606061,"44":75.884057971,"45":98.1799485861,"46":126.5798816568,"47":169.009009009,"48":123.2366412214,"49":74.7972027972,"50":126.2026959561,"51":153.1260709914,"52":72.7198364008,"53":168.6950890448,"54":75.2008479067,"55":166.7043701799,"56":168.0,"57":154.4242424242,"58":151.024811219,"59":75.5048107761,"60":176.0981595092,"61":69.6216216216,"62":167.7575757576,"63":70.4057971014,"64":168.8022922636,"65":74.1598793363,"66":93.5831739962,"67":78.9508196721,"68":128.819112628,"69":166.8251748252,"70":74.238705327,"71":78.9459815547,"72":131.2514056225,"73":168.5907172996,"74":105.9429695182,"75":167.6211096076,"76":72.5454545455,"77":161.4053350683,"78":107.2418300654,"79":169.0007147963,"80":102.8571428571,"81":155.987654321,"82":87.8940397351,"83":107.7908496732,"84":118.954248366,"85":168.9180327869,"86":224,"87":87.2874493927,"88":139.8598999285,"89":101.3333333333,"90":72.048550236,"91":72.4705882353,"92":139.7685950413,"93":168.0755735493,"94":166.7994955864,"95":149.6657936092,"96":83.0622009569,"97":153.7151799687,"98":75.3193473193,"99":114.2869757174,"100":129.1194833154,"101":168.6820950061,"102":167.2754158965,"103":129.3757009346,"104":127.5151515152,"105":97.5483870968,"106":120.3543123543,"107":129.9310344828,"108":95.7476340694,"109":117.9593114241,"110":107.956043956,"111":116.5673758865,"112":69.8786828423,"113":166.6628462273,"114":149.9166666667,"115":168.0,"116":116.7477414871,"117":166.6451612903,"118":136.9435897436,"119":152.1943925234,"120":151.4348785872,"121":73.0675453048,"122":102.3550087873,"123":153.7910447761,"124":73.4545454545,"125":152.3458213256,"126":147.7629063098,"127":108.6896551724,"128":139.8137472284,"129":73.2865064695,"130":168.0,"131":167.8560411311,"132":124.6976744186,"133":74.0133333333,"134":132.4372177055,"135":119.2290909091,"136":166.7737226277,"137":169.3958944282,"138":168.0,"139":84.9748987854,"140":128.4886452623,"141":150.539444027,"142":87.9139784946,"143":168.2275101567,"144":115.1063174114,"145":167.3327222731,"146":168.0,"147":169.0789980732,"148":94.2031063321,"149":124.8444119795,"150":152.4318049913,"151":164.8888888889,"152":166.7412103746,"153":157.8616938617,"154":166.7175572519},"ymax":{"0":166.623655914,"1":190.0494233937,"2":85.4387351779,"3":108.5222300635,"4":131.9580712788,"5":169.0306748466,"6":130.733572282,"7":115.9922928709,"8":167.6391329818,"9":91.8120805369,"10":161.628742515,"11":129.6842105263,"12":167.9763613339,"13":168.0,"14":72.7236679058,"15":123.1304347826,"16":73.9919678715,"17":160.0841551611,"18":128.1942604857,"19":111.0631178707,"20":168.7533632287,"21":133.3618538324,"22":169.4640522876,"23":125.5321336761,"24":126.2280130293,"25":75.4609929078,"26":74.0269277846,"27":146.332081142,"28":204.6307222787,"29":121.7731239092,"30":114.6104328524,"31":76.6744186047,"32":168.0400285919,"33":168.4179104478,"34":167.7596566524,"35":112.5227537923,"36":167.3342140026,"37":127.021958457,"38":143.3675889328,"39":113.9127134725,"40":169.4130146082,"41":140.0657791699,"42":81.9338422392,"43":100.9696969697,"44":169.4202898551,"45":99.9074550129,"46":168.6259040105,"47":168.0,"48":70.4732824427,"49":168.0,"50":94.8896655017,"51":74.8494492044,"52":169.0306748466,"53":167.9697787372,"54":168.8606253312,"55":168.1439588689,"56":130.8883610451,"57":127.0303030303,"58":182.6796116505,"59":167.3175112251,"60":169.3251533742,"61":160.6411929171,"62":132.202020202,"63":159.884057971,"64":166.6628462273,"65":111.8310708899,"66":97.0095602294,"67":99.3144560358,"68":121.1740614334,"69":89.2867132867,"70":167.1314902225,"71":121.7391304348,"72":164.4465863454,"73":119.7974683544,"74":141.8446411013,"75":75.3234100135,"76":125.2929292929,"77":91.888093689,"78":166.6274509804,"79":169.4010007148,"80":167.850931677,"81":89.5308641975,"82":139.8145695364,"83":163.0588235294,"84":140.9150326797,"85":169.2240437158,"86":132.7268673356,"87":85.9271255061,"88":74.7734095783,"89":156.8484848485,"90":168.7929871881,"91":158.0593440916,"92":133.8446280992,"93":129.8353576248,"94":168.0706179067,"95":77.4436877947,"96":91.9043062201,"97":75.8935837246,"98":168.0,"99":132.0264900662,"100":167.2766415501,"101":156.8818514007,"102":113.3456561922,"103":128.3289719626,"104":168.8484848485,"105":122.4164222874,"106":142.8065268065,"107":166.8275862069,"108":115.1798107256,"109":166.6854460094,"110":133.4505494505,"111":169.1914893617,"112":126.1698440208,"113":106.0095510984,"114":144.1481481481,"115":90.1311018131,"116":142.3544127867,"117":154.6774193548,"118":107.241025641,"119":122.676635514,"120":160.3973509934,"121":166.8006589786,"122":161.6028119508,"123":168.0,"124":166.6666666667,"125":156.5417867435,"126":89.5143403442,"127":148.4137931034,"128":122.9268292683,"129":113.2421441774,"130":102.7297297297,"131":114.8791773779,"132":133.488372093,"133":107.8933333333,"134":119.891598916,"135":167.1854545455,"136":98.102189781,"137":167.8357771261,"138":168.0,"139":167.6825910931,"140":149.5379796398,"141":115.5341848234,"142":168.0,"143":108.164828787,"144":73.2573189522,"145":128.8359303391,"146":73.6842105263,"147":165.9499036609,"148":80.8219832736,"149":159.6143170197,"150":79.75856065,"151":168.8888888889,"152":137.5631123919,"153":77.3644133644,"154":98.8335877863},"height":{"0":224,"1":224,"2":224,"3":224,"4":224,"5":224,"6":224,"7":224,"8":224,"9":224,"10":224,"11":224,"12":224,"13":224,"14":224,"15":224,"16":224,"17":224,"18":224,"19":224,"20":224,"21":224,"22":224,"23":224,"24":224,"25":224,"26":224,"27":224,"28":224,"29":224,"30":224,"31":224,"32":224,"33":224,"34":224,"35":224,"36":224,"37":224,"38":224,"39":224,"40":224,"41":224,"42":224,"43":224,"44":224,"45":224,"46":224,"47":224,"48":224,"49":224,"50":224,"51":224,"52":224,"53":224,"54":224,"55":224,"56":224,"57":224,"58":224,"59":224,"60":224,"61":224,"62":224,"63":224,"64":224,"65":224,"66":224,"67":224,"68":224,"69":224,"70":224,"71":224,"72":224,"73":224,"74":224,"75":224,"76":224,"77":224,"78":224,"79":224,"80":224,"81":224,"82":224,"83":224,"84":224,"85":224,"86":224,"87":224,"88":224,"89":224,"90":224,"91":224,"92":224,"93":224,"94":224,"95":224,"96":224,"97":224,"98":224,"99":224,"100":224,"101":224,"102":224,"103":224,"104":224,"105":224,"106":224,"107":224,"108":224,"109":224,"110":224,"111":224,"112":224,"113":224,"114":224,"115":224,"116":224,"117":224,"118":224,"119":224,"120":224,"121":224,"122":224,"123":224,"124":224,"125":224,"126":224,"127":224,"128":224,"129":224,"130":224,"131":224,"132":224,"133":224,"134":224,"135":224,"136":224,"137":224,"138":224,"139":224,"140":224,"141":224,"142":224,"143":224,"144":224,"145":224,"146":224,"147":224,"148":224,"149":224,"150":224,"151":224,"152":224,"153":224,"154":224},"width":{"0":224,"1":224,"2":224,"3":224,"4":224,"5":224,"6":224,"7":224,"8":224,"9":224,"10":224,"11":224,"12":224,"13":224,"14":224,"15":224,"16":224,"17":224,"18":224,"19":224,"20":224,"21":224,"22":224,"23":224,"24":224,"25":224,"26":224,"27":224,"28":224,"29":224,"30":224,"31":224,"32":224,"33":224,"34":224,"35":224,"36":224,"37":224,"38":224,"39":224,"40":224,"41":224,"42":224,"43":224,"44":224,"45":224,"46":224,"47":224,"48":224,"49":224,"50":224,"51":224,"52":224,"53":224,"54":224,"55":224,"56":224,"57":224,"58":224,"59":224,"60":224,"61":224,"62":224,"63":224,"64":224,"65":224,"66":224,"67":224,"68":224,"69":224,"70":224,"71":224,"72":224,"73":224,"74":224,"75":224,"76":224,"77":224,"78":224,"79":224,"80":224,"81":224,"82":224,"83":224,"84":224,"85":224,"86":224,"87":224,"88":224,"89":224,"90":224,"91":224,"92":224,"93":224,"94":224,"95":224,"96":224,"97":224,"98":224,"99":224,"100":224,"101":224,"102":224,"103":224,"104":224,"105":224,"106":224,"107":224,"108":224,"109":224,"110":224,"111":224,"112":224,"113":224,"114":224,"115":224,"116":224,"117":224,"118":224,"119":224,"120":224,"121":224,"122":224,"123":224,"124":224,"125":224,"126":224,"127":224,"128":224,"129":224,"130":224,"131":224,"132":224,"133":224,"134":224,"135":224,"136":224,"137":224,"138":224,"139":224,"140":224,"141":224,"142":224,"143":224,"144":224,"145":224,"146":224,"147":224,"148":224,"149":224,"150":224,"151":224,"152":224,"153":224,"154":224},"area":{"0":993.7796277026,"1":1008.0848095666,"2":993.1883328907,"3":1017.3946308785,"4":946.7169811321,"5":980.8955700252,"6":985.5157165104,"7":1030.1167578083,"8":996.597970588,"9":1013.6451511193,"10":971.5314281616,"11":1044.1472709141,"12":1023.3214278778,"13":1027.8335805609,"14":975.3998240304,"15":985.7693761815,"16":1026.5682166417,"17":1037.1850831726,"18":1036.8823979455,"19":1046.4498627998,"20":1039.9584950431,"21":1012.7797001153,"22":3700.2629757785,"23":1041.2644907184,"24":929.5302443527,"25":1005.4885770333,"26":1016.31565464,"27":1029.0611545411,"28":1738.9144324317,"29":993.8417623786,"30":996.1017737106,"31":989.3282855598,"32":1022.9007649189,"33":1005.9790599243,"34":993.3348884673,"35":1012.7442804061,"36":1009.3882512665,"37":1164.0828465514,"38":1033.1987064319,"39":997.1822604049,"40":982.0889051144,"41":1006.9175197105,"42":1027.3232976581,"43":1030.2948678706,"44":1015.0338164251,"45":1018.3021259442,"46":993.3084301696,"47":1038.4611638666,"48":988.1382203834,"49":995.5263446732,"50":1008.1826556222,"51":977.0762484475,"52":987.6417713208,"53":1020.936298804,"54":1025.1448493289,"55":1019.4626786765,"56":1038.5154676401,"57":1042.4536271809,"58":997.0373111527,"59":1010.9598552714,"60":1001.6075877903,"61":1019.7939945923,"62":1028.7538006326,"63":1021.1266540643,"64":1006.9904552873,"65":1010.8962551954,"66":1026.0683730062,"67":1030.3977114479,"68":1018.2732730984,"69":980.8722186904,"70":1003.25124347,"71":991.8818499482,"72":1014.8336962307,"73":1016.1334543966,"74":998.2064200625,"75":1017.2629728577,"76":1025.5353535354,"77":997.6497727493,"78":1003.8040070059,"79":1025.5413358158,"80":1014.0053238687,"81":2093.8631306203,"82":1027.8201833253,"83":3814.3932675467,"84":1019.4109957709,"85":988.866792081,"86":997.7715884361,"87":1017.199167336,"88":1001.3660119732,"89":1000.0808080808,"90":1037.4960271251,"91":1013.0131143196,"92":1010.305634861,"93":989.1164035907,"94":1015.5699190108,"95":1022.7872548796,"96":981.2698427234,"97":983.438343852,"98":1015.8376448726,"99":1003.414859972,"100":1001.1467821343,"101":1012.0940654945,"102":1032.9328108077,"103":1016.0103135645,"104":1002.0202020202,"105":1044.3336400616,"106":1005.8864709494,"107":1033.8168846611,"108":1003.1305317,"109":1027.5535963127,"110":1020.9085859196,"111":993.1613097933,"112":982.0316523944,"113":984.6993483907,"114":3023.2756344307,"115":1013.618855879,"116":1022.264751263,"117":1030.0707596254,"118":1019.0718737673,"119":1023.767455673,"120":1033.0619027431,"121":1015.7450284843,"122":1041.4556416616,"123":1018.5537981733,"124":1015.8898071625,"125":1020.9469391823,"126":1036.2492605903,"127":989.7719645924,"128":1001.9732843005,"129":986.4415660736,"130":1019.2286340394,"131":1002.7175606823,"132":1028.8674959438,"133":1003.7987555556,"134":1018.0562912043,"135":1012.3941024793,"136":1020.7719821692,"137":1008.6462964715,"138":1007.2222222222,"139":1020.6431182285,"140":1013.6251749984,"141":1032.5448889426,"142":980.0679847381,"143":995.7693059892,"144":994.7022917799,"145":1009.9856958147,"146":963.2124099723,"147":1016.3321935989,"148":985.8022036373,"149":1030.741755911,"150":1016.5750636047,"151":1025.9259259259,"152":1035.9486084927,"153":1031.3778342869,"154":1023.3436279937},"mileage":{"0":0,"1":0,"2":0,"3":0,"4":0,"5":0,"6":0,"7":0,"8":0,"9":0,"10":0,"11":0,"12":0,"13":0,"14":0,"15":0,"16":0,"17":0,"18":0,"19":0,"20":0,"21":0,"22":0,"23":0,"24":0,"25":0,"26":0,"27":0,"28":0,"29":0,"30":0,"31":0,"32":0,"33":0,"34":0,"35":0,"36":0,"37":0,"38":0,"39":0,"40":0,"41":0,"42":0,"43":0,"44":0,"45":0,"46":0,"47":0,"48":0,"49":0,"50":0,"51":0,"52":0,"53":0,"54":0,"55":0,"56":0,"57":0,"58":0,"59":0,"60":0,"61":0,"62":0,"63":0,"64":0,"65":0,"66":0,"67":0,"68":0,"69":0,"70":0,"71":0,"72":0,"73":0,"74":0,"75":0,"76":0,"77":0,"78":0,"79":0,"80":0,"81":0,"82":0,"83":0,"84":0,"85":0,"86":0,"87":0,"88":0,"89":0,"90":0,"91":0,"92":0,"93":0,"94":0,"95":0,"96":0,"97":0,"98":0,"99":0,"100":0,"101":0,"102":0,"103":0,"104":0,"105":0,"106":0,"107":0,"108":0,"109":0,"110":0,"111":0,"112":0,"113":0,"114":0,"115":0,"116":0,"117":0,"118":0,"119":0,"120":0,"121":0,"122":0,"123":0,"124":0,"125":0,"126":0,"127":0,"128":0,"129":0,"130":0,"131":0,"132":0,"133":0,"134":0,"135":0,"136":0,"137":0,"138":0,"139":0,"140":0,"141":0,"142":0,"143":0,"144":0,"145":0,"146":0,"147":0,"148":0,"149":0,"150":0,"151":0,"152":0,"153":0,"154":0}}